<<<<<<< Updated upstream
<<<<<<< Updated upstream
@relation Stock_Data


@attribute DataRowSerialNo numeric
@attribute CompanyName {Reliance_Industries,HDFC_Bank,Tata_Consultancy_Services}
@attribute NSE_Code {RELIANCE,HDFCBANK,TCS}
@attribute Fiscal_Year date "yyyy-yyyy"
@attribute Quarter {Q1,Q2,Q3,Q4}
@attribute Date date "yyyy-MM-dd"
@attribute EV/EBITDA numeric
@attribute Earnings_Yield numeric
@attribute P/E_Ratio numeric
@attribute Basic_EPS numeric
@attribute Share_Price numeric

@data
1,Reliance_Industries,RELIANCE,2012-2013,Q1,2022-06-01,9.5,0.105,9.5,16.6,710
2,Reliance_Industries,RELIANCE,2012-2013,Q2,2022-06-02,9.7,0.105,9.7,16.8,735
3,Reliance_Industries,RELIANCE,2012-2013,Q3,2022-06-03,10,0.105,10,17,765
4,Reliance_Industries,RELIANCE,2012-2013,Q4,2022-06-04,10.3,0.105,10.3,17.2,800
5,Reliance_Industries,RELIANCE,2013-2014,Q1,2022-06-05,10.6,0.105,10.6,17.4,835
6,Reliance_Industries,RELIANCE,2013-2014,Q2,2022-06-06,11,0.105,11,17.6,870
7,Reliance_Industries,RELIANCE,2013-2014,Q3,2022-06-07,11.3,0.105,11.3,17.8,905
8,Reliance_Industries,RELIANCE,2013-2014,Q4,2022-06-08,11.7,0.105,11.7,18,940
9,Reliance_Industries,RELIANCE,2014-2015,Q1,2022-06-09,12.1,0.105,12.1,18.2,975
10,Reliance_Industries,RELIANCE,2014-2015,Q2,2022-06-10,12.6,0.105,12.6,18.4,1010
11,Reliance_Industries,RELIANCE,2014-2015,Q3,2022-06-11,13,0.105,13,18.6,1045
12,Reliance_Industries,RELIANCE,2014-2015,Q4,2022-06-12,13.5,0.105,13.5,18.8,1080
13,Reliance_Industries,RELIANCE,2014-2015,Q1,2022-06-13,12.1,0.105,12.1,18.2,975
14,Reliance_Industries,RELIANCE,2014-2015,Q2,2022-06-14,12.6,0.105,12.6,18.4,1010
15,Reliance_Industries,RELIANCE,2014-2015,Q3,2022-06-15,13,0.105,13,18.6,1045
16,Reliance_Industries,RELIANCE,2014-2015,Q4,2022-06-16,13.5,0.105,13.5,18.8,1080
17,Reliance_Industries,RELIANCE,2015-2016,Q1,2022-06-17,14,0.105,14,19,1115
18,Reliance_Industries,RELIANCE,2015-2016,Q2,2022-06-18,14.6,0.105,14.6,19.2,1150
19,Reliance_Industries,RELIANCE,2015-2016,Q3,2022-06-19,15.1,0.105,15.1,19.4,1185
20,Reliance_Industries,RELIANCE,2015-2016,Q4,2022-06-20,15.7,0.105,15.7,19.6,1220
21,Reliance_Industries,RELIANCE,2016-2017,Q1,2022-06-21,16.2,0.105,16.2,20,1255
22,Reliance_Industries,RELIANCE,2016-2017,Q2,2022-06-22,16.8,0.105,16.8,20.2,1290
23,Reliance_Industries,RELIANCE,2016-2017,Q3,2022-06-23,17.4,0.105,17.4,20.4,1325
24,Reliance_Industries,RELIANCE,2016-2017,Q4,2022-06-24,18,0.105,18,20.6,1360
25,Reliance_Industries,RELIANCE,2017-2018,Q1,2022-06-25,11.6,0.105,24.9,15.9,1532
26,Reliance_Industries,RELIANCE,2017-2018,Q2,2022-06-26,12.5,0.105,26.9,15.3,876
27,Reliance_Industries,RELIANCE,2017-2018,Q3,2022-06-27,13.4,0.105,28.4,16.2,929
28,Reliance_Industries,RELIANCE,2017-2018,Q4,2022-06-28,13,0.105,27.6,17,994
29,Reliance_Industries,RELIANCE,2018-2019,Q1,2022-06-29,13.6,0.105,29.4,17.9,1121
30,Reliance_Industries,RELIANCE,2018-2019,Q2,2022-06-30,14.3,0.105,31.5,14.6,1106
31,Reliance_Industries,RELIANCE,2018-2019,Q3,2022-07-01,13.7,0.105,29.5,17.3,1120
32,Reliance_Industries,RELIANCE,2018-2019,Q4 ,2022-07-02,12.7,0.105,26.7,20.6,1344
33,Reliance_Industries,RELIANCE,2019-2020,Q1,2022-07-03,11.8,0.105,25.7,14.8,1278
34,Reliance_Industries,RELIANCE,2019-2020,Q2,2022-07-04,12.5,0.105,26.9,18.6,1414
35,Reliance_Industries,RELIANCE,2019-2020,Q3,2022-07-05,13.4,0.105,28.4,16.4,1569
36,Reliance_Industries,RELIANCE,2019-2020,Q4,2022-07-06,11.6,0.105,24.8,21.5,1466
37,Reliance_Industries,RELIANCE,2020-2021,Q1,2022-07-07,10.9,0.105,23.8,19.4,1849
38,Reliance_Industries,RELIANCE,2020-2021,Q2,2022-07-08,11.3,0.105,24.5,18.3,1897
39,Reliance_Industries,RELIANCE,2020-2021,Q3,2022-07-09,11.6,0.105,25,20.1,2018
40,Reliance_Industries,RELIANCE,2020-2021,Q4,2022-07-10,12.2,0.105,26.2,21.2,1999
41,Reliance_Industries,RELIANCE,2021-2022,Q1,2022-07-11,13.7,0.105,29.3,19.3,2118
42,Reliance_Industries,RELIANCE,2021-2022,Q2,2022-07-12,14,0.105,30.4,18.6,2259
43,Reliance_Industries,RELIANCE,2021-2022,Q3,2022-07-13,14.5,0.105,31.4,18,2255
44,Reliance_Industries,RELIANCE,2021-2022,Q4,2022-07-14,0,0.105,0,0,0
45,HDFC_Bank,HDFCBANK,2012-2013,Q1,2022-07-15,14.5,0.105,14.5,12.8,585.7
46,HDFC_Bank,HDFCBANK,2012-2013,Q2,2022-07-16,15.4,0.105,15.4,13.7,631
47,HDFC_Bank,HDFCBANK,2012-2013,Q3,2022-07-17,16.1,0.105,16.1,14.6,700
48,HDFC_Bank,HDFCBANK,2012-2013,Q4,2022-07-18,16.8,0.105,16.8,15.5,740
49,HDFC_Bank,HDFCBANK,2013-2014,Q1,2022-07-19,16.8,0.105,16.8,15.5,740
50,HDFC_Bank,HDFCBANK,2013-2014,Q2,2022-07-20,17.7,0.105,17.7,16.5,830
51,HDFC_Bank,HDFCBANK,2013-2014,Q3,2022-07-21,18.6,0.105,18.6,17.5,920
52,HDFC_Bank,HDFCBANK,2013-2014,Q4,2022-07-22,19.6,0.105,19.6,18.5,1030
53,HDFC_Bank,HDFCBANK,2014-2015,Q1,2022-07-23,20.6,0.105,20.6,19.5,1140
54,HDFC_Bank,HDFCBANK,2014-2015,Q2,2022-07-24,21.7,0.105,21.7,20.5,1260
55,HDFC_Bank,HDFCBANK,2014-2015,Q3,2022-07-25,22.9,0.105,22.9,21.5,1390
56,HDFC_Bank,HDFCBANK,2014-2015,Q4,2022-07-26,24.2,0.105,24.2,22.5,1540
57,HDFC_Bank,HDFCBANK,2015-2016,Q1,2022-07-27,25.7,0.105,25.7,23.5,1710
58,HDFC_Bank,HDFCBANK,2015-2016,Q2,2022-07-28,27.3,0.105,27.3,24.5,1900
59,HDFC_Bank,HDFCBANK,2015-2016,Q3,2022-07-29,28.9,0.105,28.9,25.5,2090
60,HDFC_Bank,HDFCBANK,2015-2016,Q4,2022-07-30,30.6,0.105,30.6,26.5,2300
61,HDFC_Bank,HDFCBANK,2016-2017,Q1,2022-07-31,32.4,0.105,32.4,27.5,2530
62,HDFC_Bank,HDFCBANK,2016-2017,Q2,2022-08-01,34.3,0.105,34.3,28.5,2780
63,HDFC_Bank,HDFCBANK,2016-2017,Q3,2022-08-02,36.3,0.105,36.3,29.5,3040
64,HDFC_Bank,HDFCBANK,2016-2017,Q4,2022-08-03,38.4,0.105,38.4,30.5,3320
65,HDFC_Bank,HDFCBANK,2017-2018,Q1,2022-08-04,40.6,0.105,40.6,31.5,3620
66,HDFC_Bank,HDFCBANK,2017-2018,Q2,2022-08-05,42.9,0.105,42.9,32.5,3960
67,HDFC_Bank,HDFCBANK,2017-2018,Q3,2022-08-06,45.3,0.105,45.3,33.5,4320
68,HDFC_Bank,HDFCBANK,2017-2018,Q4,2022-08-07,48,0.105,48,34.5,4700
69,HDFC_Bank,HDFCBANK,2018-2019,Q1,2022-08-08,51,0.105,51,35.5,5120
70,HDFC_Bank,HDFCBANK,2018-2019,Q2,2022-08-09,53.9,0.105,53.9,36.5,5600
71,HDFC_Bank,HDFCBANK,2018-2019,Q3,2022-08-10,56.9,0.105,56.9,37.5,6080
72,HDFC_Bank,HDFCBANK,2018-2019,Q4,2022-08-11,60,0.105,60,38.5,6560
73,HDFC_Bank,HDFCBANK,2019-2020,Q1,2022-08-12,63.1,0.105,63.1,39.5,7100
74,HDFC_Bank,HDFCBANK,2019-2020,Q2,2022-08-13,66.4,0.105,66.4,40.5,7640
75,HDFC_Bank,HDFCBANK,2019-2020,Q3,2022-08-14,69.8,0.105,69.8,41.5,8180
76,HDFC_Bank,HDFCBANK,2019-2020,Q4,2022-08-15,73.3,0.105,73.3,42.5,8720
77,HDFC_Bank,HDFCBANK,2020-2021,Q1,2022-08-16,76,0.105,76,43.5,9360
78,HDFC_Bank,HDFCBANK,2020-2021,Q2,2022-08-17,79.8,0.105,79.8,44.5,10000
79,HDFC_Bank,HDFCBANK,2020-2021,Q3,2022-08-18,83.7,0.105,83.7,45.5,10640
80,HDFC_Bank,HDFCBANK,2020-2021,Q4,2022-08-19,87.7,0.105,87.7,46.5,11280
81,HDFC_Bank,HDFCBANK,2021-2022,Q1,2022-08-20,91.8,0.105,91.8,47.5,11920
82,HDFC_Bank,HDFCBANK,2021-2022,Q2,2022-08-21,96,0.105,96,48.5,12560
83,HDFC_Bank,HDFCBANK,2021-2022,Q3,2022-08-22,100.3,0.105,100.3,49.5,13200
84,HDFC_Bank,HDFCBANK,2021-2022,Q4,2022-08-23,104.7,0.105,104.7,50.5,13840
85,Tata_Consultancy_Services,TCS,2012-2013,Q1,2022-08-24,11.8,0.105,24.9,8.7,1286
86,Tata_Consultancy_Services,TCS,2012-2013,Q2,2022-08-25,12.5,0.105,26.9,9,1325
87,Tata_Consultancy_Services,TCS,2012-2013,Q3,2022-08-26,13.4,0.105,28.4,9.2,1347
88,Tata_Consultancy_Services,TCS,2012-2013,Q4,2022-08-27,13,0.105,27.6,9.5,1398
89,Tata_Consultancy_Services,TCS,2013-2014,Q1,2022-08-28,12.8,0.105,27.8,10,1497
90,Tata_Consultancy_Services,TCS,2013-2014,Q2,2022-08-29,13.1,0.105,28.6,10.6,1600
91,Tata_Consultancy_Services,TCS,2013-2014,Q3,2022-08-30,13.7,0.105,29.5,11,1729
92,Tata_Consultancy_Services,TCS,2013-2014,Q4,2022-08-31,13.2,0.105,28.5,11.6,1768
93,Tata_Consultancy_Services,TCS,2014-2015,Q1,2022-09-01,13.6,0.105,29.4,12,1879
94,Tata_Consultancy_Services,TCS,2014-2015,Q2,2022-09-02,14.3,0.105,31.5,12.2,2048
95,Tata_Consultancy_Services,TCS,2014-2015,Q3,2022-09-03,14.7,0.105,32.2,12.6,2160
96,Tata_Consultancy_Services,TCS,2014-2015,Q4,2022-09-04,14,0.105,30.4,13.1,2128
97,Tata_Consultancy_Services,TCS,2015-2016,Q1,2022-09-05,13.9,0.105,30.2,13.7,2208
98,Tata_Consultancy_Services,TCS,2015-2016,Q2,2022-09-06,14.1,0.105,30.3,13.8,2230
99,Tata_Consultancy_Services,TCS,2015-2016,Q3,2022-09-07,14.5,0.105,31.4,14.1,2350
100,Tata_Consultancy_Services,TCS,2015-2016,Q4,2022-09-08,13.8,0.105,29.4,14.7,2309
101,Tata_Consultancy_Services,TCS,2016-2017,Q1,2022-09-09,13.9,0.105,30.2,15.1,2430
102,Tata_Consultancy_Services,TCS,2016-2017,Q2,2022-09-10,14.4,0.105,31.1,15.4,2548
103,Tata_Consultancy_Services,TCS,2016-2017,Q3,2022-09-11,14.7,0.105,32.2,15.9,2270
104,Tata_Consultancy_Services,TCS,2016-2017,Q4,2022-09-12,14,0.105,30.4,16.5,2318
105,Tata_Consultancy_Services,TCS,2017-2018,Q1,2022-09-13,14.2,0.105,31.1,16.9,2440
106,Tata_Consultancy_Services,TCS,2017-2018,Q2,2022-09-14,14.6,0.105,32.1,17.4,2495
107,Tata_Consultancy_Services,TCS,2017-2018,Q3,2022-09-15,15,0.105,33.3,17.9,2670
108,Tata_Consultancy_Services,TCS,2017-2018,Q4,2022-09-16,14.4,0.105,31.2,18.7,3105
109,Tata_Consultancy_Services,TCS,2018-2019,Q1,2022-09-17,15.1,0.105,33.4,19.3,1971
110,Tata_Consultancy_Services,TCS,2018-2019,Q2,2022-09-18,15.6,0.105,34.5,19.7,2005
111,Tata_Consultancy_Services,TCS,2018-2019,Q3,2022-09-19,16.1,0.105,35.6,20.3,1893
112,Tata_Consultancy_Services,TCS,2018-2019,Q4,2022-09-20,15.5,0.105,34.3,21,2025
113,Tata_Consultancy_Services,TCS,2019-2020,Q1,2022-09-21,16,0.105,35.7,21.6,2162
114,Tata_Consultancy_Services,TCS,2019-2020,Q2,2022-09-22,16.4,0.105,35.7,22.1,1974
115,Tata_Consultancy_Services,TCS,2019-2020,Q3,2022-09-23,16.8,0.105,36.9,22.6,2215
116,Tata_Consultancy_Services,TCS,2019-2020,Q4,2022-09-24,15.8,0.105,34.4,23.4,1809
117,Tata_Consultancy_Services,TCS,2020-2021,Q1,2022-09-25,16.2,0.105,35.6,23.6,2230
118,Tata_Consultancy_Services,TCS,2020-2021,Q2,2022-09-26,16.7,0.105,36.8,24.3,2373
119,Tata_Consultancy_Services,TCS,2020-2021,Q3,2022-09-27,17.2,0.105,38.4,25.1,2566
120,Tata_Consultancy_Services,TCS,2020-2021,Q4,2022-09-28,16.6,0.105,37,26,3215
121,Tata_Consultancy_Services,TCS,2021-2022,Q1,2022-09-29,17,0.105,37,26.9,3326
=======
=======
>>>>>>> Stashed changes
@relation Stock_Data


@attribute DataRowSerialNo numeric
@attribute CompanyName {Reliance_Industries,HDFC_Bank,Tata_Consultancy_Services}
@attribute NSE_Code {RELIANCE,HDFCBANK,TCS}
@attribute Fiscal_Year date "yyyy-yyyy"
@attribute Quarter {Q1,Q2,Q3,Q4}
@attribute Date date "yyyy-MM-dd"
@attribute EV/EBITDA numeric
@attribute Earnings_Yield numeric
@attribute P/E_Ratio numeric
@attribute Basic_EPS numeric
@attribute Share_Price numeric

@data
1,Reliance_Industries,RELIANCE,2012-2013,Q1,2022-06-01,9.5,0.105,9.5,16.6,710
2,Reliance_Industries,RELIANCE,2012-2013,Q2,2022-06-02,9.7,0.105,9.7,16.8,735
3,Reliance_Industries,RELIANCE,2012-2013,Q3,2022-06-03,10,0.105,10,17,765
4,Reliance_Industries,RELIANCE,2012-2013,Q4,2022-06-04,10.3,0.105,10.3,17.2,800
5,Reliance_Industries,RELIANCE,2013-2014,Q1,2022-06-05,10.6,0.105,10.6,17.4,835
6,Reliance_Industries,RELIANCE,2013-2014,Q2,2022-06-06,11,0.105,11,17.6,870
7,Reliance_Industries,RELIANCE,2013-2014,Q3,2022-06-07,11.3,0.105,11.3,17.8,905
8,Reliance_Industries,RELIANCE,2013-2014,Q4,2022-06-08,11.7,0.105,11.7,18,940
9,Reliance_Industries,RELIANCE,2014-2015,Q1,2022-06-09,12.1,0.105,12.1,18.2,975
10,Reliance_Industries,RELIANCE,2014-2015,Q2,2022-06-10,12.6,0.105,12.6,18.4,1010
11,Reliance_Industries,RELIANCE,2014-2015,Q3,2022-06-11,13,0.105,13,18.6,1045
12,Reliance_Industries,RELIANCE,2014-2015,Q4,2022-06-12,13.5,0.105,13.5,18.8,1080
13,Reliance_Industries,RELIANCE,2014-2015,Q1,2022-06-13,12.1,0.105,12.1,18.2,975
14,Reliance_Industries,RELIANCE,2014-2015,Q2,2022-06-14,12.6,0.105,12.6,18.4,1010
15,Reliance_Industries,RELIANCE,2014-2015,Q3,2022-06-15,13,0.105,13,18.6,1045
16,Reliance_Industries,RELIANCE,2014-2015,Q4,2022-06-16,13.5,0.105,13.5,18.8,1080
17,Reliance_Industries,RELIANCE,2015-2016,Q1,2022-06-17,14,0.105,14,19,1115
18,Reliance_Industries,RELIANCE,2015-2016,Q2,2022-06-18,14.6,0.105,14.6,19.2,1150
19,Reliance_Industries,RELIANCE,2015-2016,Q3,2022-06-19,15.1,0.105,15.1,19.4,1185
20,Reliance_Industries,RELIANCE,2015-2016,Q4,2022-06-20,15.7,0.105,15.7,19.6,1220
21,Reliance_Industries,RELIANCE,2016-2017,Q1,2022-06-21,16.2,0.105,16.2,20,1255
22,Reliance_Industries,RELIANCE,2016-2017,Q2,2022-06-22,16.8,0.105,16.8,20.2,1290
23,Reliance_Industries,RELIANCE,2016-2017,Q3,2022-06-23,17.4,0.105,17.4,20.4,1325
24,Reliance_Industries,RELIANCE,2016-2017,Q4,2022-06-24,18,0.105,18,20.6,1360
25,Reliance_Industries,RELIANCE,2017-2018,Q1,2022-06-25,11.6,0.105,24.9,15.9,1532
26,Reliance_Industries,RELIANCE,2017-2018,Q2,2022-06-26,12.5,0.105,26.9,15.3,876
27,Reliance_Industries,RELIANCE,2017-2018,Q3,2022-06-27,13.4,0.105,28.4,16.2,929
28,Reliance_Industries,RELIANCE,2017-2018,Q4,2022-06-28,13,0.105,27.6,17,994
29,Reliance_Industries,RELIANCE,2018-2019,Q1,2022-06-29,13.6,0.105,29.4,17.9,1121
30,Reliance_Industries,RELIANCE,2018-2019,Q2,2022-06-30,14.3,0.105,31.5,14.6,1106
31,Reliance_Industries,RELIANCE,2018-2019,Q3,2022-07-01,13.7,0.105,29.5,17.3,1120
32,Reliance_Industries,RELIANCE,2018-2019,Q4 ,2022-07-02,12.7,0.105,26.7,20.6,1344
33,Reliance_Industries,RELIANCE,2019-2020,Q1,2022-07-03,11.8,0.105,25.7,14.8,1278
34,Reliance_Industries,RELIANCE,2019-2020,Q2,2022-07-04,12.5,0.105,26.9,18.6,1414
35,Reliance_Industries,RELIANCE,2019-2020,Q3,2022-07-05,13.4,0.105,28.4,16.4,1569
36,Reliance_Industries,RELIANCE,2019-2020,Q4,2022-07-06,11.6,0.105,24.8,21.5,1466
37,Reliance_Industries,RELIANCE,2020-2021,Q1,2022-07-07,10.9,0.105,23.8,19.4,1849
38,Reliance_Industries,RELIANCE,2020-2021,Q2,2022-07-08,11.3,0.105,24.5,18.3,1897
39,Reliance_Industries,RELIANCE,2020-2021,Q3,2022-07-09,11.6,0.105,25,20.1,2018
40,Reliance_Industries,RELIANCE,2020-2021,Q4,2022-07-10,12.2,0.105,26.2,21.2,1999
41,Reliance_Industries,RELIANCE,2021-2022,Q1,2022-07-11,13.7,0.105,29.3,19.3,2118
42,Reliance_Industries,RELIANCE,2021-2022,Q2,2022-07-12,14,0.105,30.4,18.6,2259
43,Reliance_Industries,RELIANCE,2021-2022,Q3,2022-07-13,14.5,0.105,31.4,18,2255
44,Reliance_Industries,RELIANCE,2021-2022,Q4,2022-07-14,0,0.105,0,0,0
45,HDFC_Bank,HDFCBANK,2012-2013,Q1,2022-07-15,14.5,0.105,14.5,12.8,585.7
46,HDFC_Bank,HDFCBANK,2012-2013,Q2,2022-07-16,15.4,0.105,15.4,13.7,631
47,HDFC_Bank,HDFCBANK,2012-2013,Q3,2022-07-17,16.1,0.105,16.1,14.6,700
48,HDFC_Bank,HDFCBANK,2012-2013,Q4,2022-07-18,16.8,0.105,16.8,15.5,740
49,HDFC_Bank,HDFCBANK,2013-2014,Q1,2022-07-19,16.8,0.105,16.8,15.5,740
50,HDFC_Bank,HDFCBANK,2013-2014,Q2,2022-07-20,17.7,0.105,17.7,16.5,830
51,HDFC_Bank,HDFCBANK,2013-2014,Q3,2022-07-21,18.6,0.105,18.6,17.5,920
52,HDFC_Bank,HDFCBANK,2013-2014,Q4,2022-07-22,19.6,0.105,19.6,18.5,1030
53,HDFC_Bank,HDFCBANK,2014-2015,Q1,2022-07-23,20.6,0.105,20.6,19.5,1140
54,HDFC_Bank,HDFCBANK,2014-2015,Q2,2022-07-24,21.7,0.105,21.7,20.5,1260
55,HDFC_Bank,HDFCBANK,2014-2015,Q3,2022-07-25,22.9,0.105,22.9,21.5,1390
56,HDFC_Bank,HDFCBANK,2014-2015,Q4,2022-07-26,24.2,0.105,24.2,22.5,1540
57,HDFC_Bank,HDFCBANK,2015-2016,Q1,2022-07-27,25.7,0.105,25.7,23.5,1710
58,HDFC_Bank,HDFCBANK,2015-2016,Q2,2022-07-28,27.3,0.105,27.3,24.5,1900
59,HDFC_Bank,HDFCBANK,2015-2016,Q3,2022-07-29,28.9,0.105,28.9,25.5,2090
60,HDFC_Bank,HDFCBANK,2015-2016,Q4,2022-07-30,30.6,0.105,30.6,26.5,2300
61,HDFC_Bank,HDFCBANK,2016-2017,Q1,2022-07-31,32.4,0.105,32.4,27.5,2530
62,HDFC_Bank,HDFCBANK,2016-2017,Q2,2022-08-01,34.3,0.105,34.3,28.5,2780
63,HDFC_Bank,HDFCBANK,2016-2017,Q3,2022-08-02,36.3,0.105,36.3,29.5,3040
64,HDFC_Bank,HDFCBANK,2016-2017,Q4,2022-08-03,38.4,0.105,38.4,30.5,3320
65,HDFC_Bank,HDFCBANK,2017-2018,Q1,2022-08-04,40.6,0.105,40.6,31.5,3620
66,HDFC_Bank,HDFCBANK,2017-2018,Q2,2022-08-05,42.9,0.105,42.9,32.5,3960
67,HDFC_Bank,HDFCBANK,2017-2018,Q3,2022-08-06,45.3,0.105,45.3,33.5,4320
68,HDFC_Bank,HDFCBANK,2017-2018,Q4,2022-08-07,48,0.105,48,34.5,4700
69,HDFC_Bank,HDFCBANK,2018-2019,Q1,2022-08-08,51,0.105,51,35.5,5120
70,HDFC_Bank,HDFCBANK,2018-2019,Q2,2022-08-09,53.9,0.105,53.9,36.5,5600
71,HDFC_Bank,HDFCBANK,2018-2019,Q3,2022-08-10,56.9,0.105,56.9,37.5,6080
72,HDFC_Bank,HDFCBANK,2018-2019,Q4,2022-08-11,60,0.105,60,38.5,6560
73,HDFC_Bank,HDFCBANK,2019-2020,Q1,2022-08-12,63.1,0.105,63.1,39.5,7100
74,HDFC_Bank,HDFCBANK,2019-2020,Q2,2022-08-13,66.4,0.105,66.4,40.5,7640
75,HDFC_Bank,HDFCBANK,2019-2020,Q3,2022-08-14,69.8,0.105,69.8,41.5,8180
76,HDFC_Bank,HDFCBANK,2019-2020,Q4,2022-08-15,73.3,0.105,73.3,42.5,8720
77,HDFC_Bank,HDFCBANK,2020-2021,Q1,2022-08-16,76,0.105,76,43.5,9360
78,HDFC_Bank,HDFCBANK,2020-2021,Q2,2022-08-17,79.8,0.105,79.8,44.5,10000
79,HDFC_Bank,HDFCBANK,2020-2021,Q3,2022-08-18,83.7,0.105,83.7,45.5,10640
80,HDFC_Bank,HDFCBANK,2020-2021,Q4,2022-08-19,87.7,0.105,87.7,46.5,11280
81,HDFC_Bank,HDFCBANK,2021-2022,Q1,2022-08-20,91.8,0.105,91.8,47.5,11920
82,HDFC_Bank,HDFCBANK,2021-2022,Q2,2022-08-21,96,0.105,96,48.5,12560
83,HDFC_Bank,HDFCBANK,2021-2022,Q3,2022-08-22,100.3,0.105,100.3,49.5,13200
84,HDFC_Bank,HDFCBANK,2021-2022,Q4,2022-08-23,104.7,0.105,104.7,50.5,13840
85,Tata_Consultancy_Services,TCS,2012-2013,Q1,2022-08-24,11.8,0.105,24.9,8.7,1286
86,Tata_Consultancy_Services,TCS,2012-2013,Q2,2022-08-25,12.5,0.105,26.9,9,1325
87,Tata_Consultancy_Services,TCS,2012-2013,Q3,2022-08-26,13.4,0.105,28.4,9.2,1347
88,Tata_Consultancy_Services,TCS,2012-2013,Q4,2022-08-27,13,0.105,27.6,9.5,1398
89,Tata_Consultancy_Services,TCS,2013-2014,Q1,2022-08-28,12.8,0.105,27.8,10,1497
90,Tata_Consultancy_Services,TCS,2013-2014,Q2,2022-08-29,13.1,0.105,28.6,10.6,1600
91,Tata_Consultancy_Services,TCS,2013-2014,Q3,2022-08-30,13.7,0.105,29.5,11,1729
92,Tata_Consultancy_Services,TCS,2013-2014,Q4,2022-08-31,13.2,0.105,28.5,11.6,1768
93,Tata_Consultancy_Services,TCS,2014-2015,Q1,2022-09-01,13.6,0.105,29.4,12,1879
94,Tata_Consultancy_Services,TCS,2014-2015,Q2,2022-09-02,14.3,0.105,31.5,12.2,2048
95,Tata_Consultancy_Services,TCS,2014-2015,Q3,2022-09-03,14.7,0.105,32.2,12.6,2160
96,Tata_Consultancy_Services,TCS,2014-2015,Q4,2022-09-04,14,0.105,30.4,13.1,2128
97,Tata_Consultancy_Services,TCS,2015-2016,Q1,2022-09-05,13.9,0.105,30.2,13.7,2208
98,Tata_Consultancy_Services,TCS,2015-2016,Q2,2022-09-06,14.1,0.105,30.3,13.8,2230
99,Tata_Consultancy_Services,TCS,2015-2016,Q3,2022-09-07,14.5,0.105,31.4,14.1,2350
100,Tata_Consultancy_Services,TCS,2015-2016,Q4,2022-09-08,13.8,0.105,29.4,14.7,2309
101,Tata_Consultancy_Services,TCS,2016-2017,Q1,2022-09-09,13.9,0.105,30.2,15.1,2430
102,Tata_Consultancy_Services,TCS,2016-2017,Q2,2022-09-10,14.4,0.105,31.1,15.4,2548
103,Tata_Consultancy_Services,TCS,2016-2017,Q3,2022-09-11,14.7,0.105,32.2,15.9,2270
104,Tata_Consultancy_Services,TCS,2016-2017,Q4,2022-09-12,14,0.105,30.4,16.5,2318
105,Tata_Consultancy_Services,TCS,2017-2018,Q1,2022-09-13,14.2,0.105,31.1,16.9,2440
106,Tata_Consultancy_Services,TCS,2017-2018,Q2,2022-09-14,14.6,0.105,32.1,17.4,2495
107,Tata_Consultancy_Services,TCS,2017-2018,Q3,2022-09-15,15,0.105,33.3,17.9,2670
108,Tata_Consultancy_Services,TCS,2017-2018,Q4,2022-09-16,14.4,0.105,31.2,18.7,3105
109,Tata_Consultancy_Services,TCS,2018-2019,Q1,2022-09-17,15.1,0.105,33.4,19.3,1971
110,Tata_Consultancy_Services,TCS,2018-2019,Q2,2022-09-18,15.6,0.105,34.5,19.7,2005
111,Tata_Consultancy_Services,TCS,2018-2019,Q3,2022-09-19,16.1,0.105,35.6,20.3,1893
112,Tata_Consultancy_Services,TCS,2018-2019,Q4,2022-09-20,15.5,0.105,34.3,21,2025
113,Tata_Consultancy_Services,TCS,2019-2020,Q1,2022-09-21,16,0.105,35.7,21.6,2162
114,Tata_Consultancy_Services,TCS,2019-2020,Q2,2022-09-22,16.4,0.105,35.7,22.1,1974
115,Tata_Consultancy_Services,TCS,2019-2020,Q3,2022-09-23,16.8,0.105,36.9,22.6,2215
116,Tata_Consultancy_Services,TCS,2019-2020,Q4,2022-09-24,15.8,0.105,34.4,23.4,1809
117,Tata_Consultancy_Services,TCS,2020-2021,Q1,2022-09-25,16.2,0.105,35.6,23.6,2230
118,Tata_Consultancy_Services,TCS,2020-2021,Q2,2022-09-26,16.7,0.105,36.8,24.3,2373
119,Tata_Consultancy_Services,TCS,2020-2021,Q3,2022-09-27,17.2,0.105,38.4,25.1,2566
120,Tata_Consultancy_Services,TCS,2020-2021,Q4,2022-09-28,16.6,0.105,37,26,3215
121,Tata_Consultancy_Services,TCS,2021-2022,Q1,2022-09-29,17,0.105,37,26.9,3326
<<<<<<< Updated upstream
>>>>>>> Stashed changes
=======
>>>>>>> Stashed changes
