Date,Symbol,Series,Prev Close,Open,High,Low,Last,Close,VWAP,Volume,Turnover,Trades,Deliverable Volume,%Deliverble
1/3/2000,ASIANPAINT,EQ,361.2,370,390,370,385,381.65,380.54,3318,1.26E+11,,,
6/20/2012,ASIANPAINT,EQ,3886.1,3895,3919.9,3856.85,3890,3885.05,3888.14,48579,1.89E+13,4649,20760,0.4273
6/21/2012,ASIANPAINT,EQ,3885.05,3889.95,3908.5,3845,3890,3896.7,3882.42,92456,3.59E+13,8235,60582,0.6553
,,,,,,,,,,,,,,
,,,,,,,,,,,,,,
,,,,,,,,,,,,,,
,,,,,,,,,,,,,,
Here's an explanation of the data you provided:,,,,,,,,,,,,,,
,,,,,,,,,,,,,,
"1. January 3, 2000:",,,,,,,,,,,,,,
,,,,,,,,,,,,,,
Symbol: ASIANPAINT,,,,,,,,,,,,,,
Series: EQ,,,,,,,,,,,,,,
Prev Close: The previous closing price of Asian Paints Ltd's stock was 361.2.,,,,,,,,,,,,,,
Open: The opening price of Asian Paints Ltd's stock on this day was 370.,,,,,,,,,,,,,,
High: The highest price reached by Asian Paints Ltd's stock on this day was 390.,,,,,,,,,,,,,,
Low: The lowest price reached by Asian Paints Ltd's stock on this day was 370.,,,,,,,,,,,,,,
Last: The last traded price of Asian Paints Ltd's stock on this day was 385.,,,,,,,,,,,,,,
Close: The closing price of Asian Paints Ltd's stock on this day was 381.65.,,,,,,,,,,,,,,
VWAP (Volume Weighted Average Price): The average price of Asian Paints Ltd's stock weighted by the volume traded on this day was 380.54.,,,,,,,,,,,,,,
Volume: The total volume of shares traded on this day was 3318.,,,,,,,,,,,,,,
Turnover: The total turnover (value of shares traded) on this day was 1.26E+11 (1.26 x 10^11).,,,,,,,,,,,,,,
"2. June 20, 2012:",,,,,,,,,,,,,,
,,,,,,,,,,,,,,
Symbol: ASIANPAINT,,,,,,,,,,,,,,
Series: EQ,,,,,,,,,,,,,,
Prev Close: The previous closing price of Asian Paints Ltd's stock was 3886.1.,,,,,,,,,,,,,,
Open: The opening price of Asian Paints Ltd's stock on this day was 3895.,,,,,,,,,,,,,,
High: The highest price reached by Asian Paints Ltd's stock on this day was 3919.9.,,,,,,,,,,,,,,
Low: The lowest price reached by Asian Paints Ltd's stock on this day was 3856.85.,,,,,,,,,,,,,,
Last: The last traded price of Asian Paints Ltd's stock on this day was 3890.,,,,,,,,,,,,,,
Close: The closing price of Asian Paints Ltd's stock on this day was 3885.05.,,,,,,,,,,,,,,
VWAP (Volume Weighted Average Price): The average price of Asian Paints Ltd's stock weighted by the volume traded on this day was 3888.14.,,,,,,,,,,,,,,
Volume: The total volume of shares traded on this day was 48579.,,,,,,,,,,,,,,
Turnover: The total turnover (value of shares traded) on this day was 1.89E+13 (1.89 x 10^13).,,,,,,,,,,,,,,
Trades: The total number of trades executed on this day was 4649.,,,,,,,,,,,,,,
Deliverable Volume: The volume of shares that were physically delivered (not settled in cash) on this day was 20760.,,,,,,,,,,,,,,
%Deliverble: The percentage of deliverable volume to the total traded volume on this day was 0.4273 (42.73%).,,,,,,,,,,,,,,
"3. June 21, 2012:",,,,,,,,,,,,,,
,,,,,,,,,,,,,,
Symbol: ASIANPAINT,,,,,,,,,,,,,,
Series: EQ,,,,,,,,,,,,,,
Prev Close: The previous closing price of Asian Paints Ltd's stock was 3885.05.,,,,,,,,,,,,,,
Open: The opening price of Asian Paints Ltd's stock on this day was 3889.95.,,,,,,,,,,,,,,
High: The highest price reached by Asian Paints Ltd's stock on this day was 3908.5.,,,,,,,,,,,,,,
Low: The lowest price reached by Asian Paints Ltd's stock on this day was 3845.,,,,,,,,,,,,,,
Last: The last traded price of Asian Paints Ltd's stock on this day was 3890.,,,,,,,,,,,,,,
Close: The closing price of Asian Paints Ltd's stock on this day was 3896.7.,,,,,,,,,,,,,,
VWAP (Volume Weighted Average,,,,,,,,,,,,,,
